station_name,date,pm25,pm25_aqi
Anand Vihar,01/06/2015,79.96491228070175,166.5497076023392
Anand Vihar,02/06/2015,108.875,262.9166666666667
Anand Vihar,03/06/2015,101.14893617021276,237.16312056737587
Anand Vihar,04/06/2015,140.55737704918033,315.81336696090796
Anand Vihar,07/06/2015,98.63265306122449,228.77551020408163
Anand Vihar,08/06/2015,168.78048780487805,337.5234521575985
Anand Vihar,09/06/2015,166.16666666666666,335.5128205128205
Anand Vihar,10/06/2015,103.8780487804878,246.260162601626
Anand Vihar,12/06/2015,231.5,385.7692307692308
Anand Vihar,13/06/2015,93.04444444444445,210.14814814814818
Anand Vihar,14/06/2015,83.53191489361703,178.43971631205676
Anand Vihar,15/06/2015,122.17073170731707,301.6697936210131
Anand Vihar,16/06/2015,185.53086419753086,350.40835707502373
Anand Vihar,17/06/2015,162.97260273972603,333.0558482613277
Anand Vihar,18/06/2015,190.0375,353.875
Anand Vihar,19/06/2015,122.91578947368421,302.2429149797571
Anand Vihar,20/06/2015,147.1685393258427,320.8988764044944
Anand Vihar,21/06/2015,76.5625,155.20833333333334
Anand Vihar,22/06/2015,118.29310344827586,294.31034482758616
Anand Vihar,23/06/2015,165.6375,335.1057692307692
Anand Vihar,24/06/2015,150.6206896551724,323.55437665782495
Anand Vihar,25/06/2015,50.697916666666664,84.49652777777777
Anand Vihar,26/06/2015,100.13829787234043,233.79432624113477
Anand Vihar,27/06/2015,78.79787234042553,162.6595744680851
Anand Vihar,28/06/2015,97.38888888888889,224.62962962962962
Anand Vihar,29/06/2015,48.52808988764045,80.88014981273409
Anand Vihar,30/06/2015,66.98958333333333,123.2986111111111
Anand Vihar,01/07/2015,69.82432432432432,132.74774774774775
Anand Vihar,02/07/2015,100.27173913043478,234.23913043478262
Anand Vihar,03/07/2015,73.70930232558139,145.69767441860463
Anand Vihar,04/07/2015,72.72,142.4
Anand Vihar,05/07/2015,164.3265306122449,334.0973312401884
Anand Vihar,06/07/2015,52.7816091954023,87.96934865900383
Anand Vihar,07/07/2015,58.458333333333336,97.43055555555557
Anand Vihar,08/07/2015,68.29787234042553,127.6595744680851
Anand Vihar,09/07/2015,68.15217391304348,127.17391304347828
Anand Vihar,10/07/2015,60.361702127659576,101.20567375886526
Anand Vihar,11/07/2015,23.486486486486488,39.14414414414415
Anand Vihar,14/07/2015,74.94285714285714,149.8095238095238
Anand Vihar,15/07/2015,81.81818181818181,172.72727272727272
Anand Vihar,16/07/2015,81.74226804123711,172.4742268041237
Anand Vihar,17/07/2015,87.47872340425532,191.59574468085106
Anand Vihar,18/07/2015,86.35483870967742,187.84946236559142
Anand Vihar,19/07/2015,84.35820895522389,181.1940298507463
Anand Vihar,20/07/2015,57.03703703703704,95.06172839506173
Anand Vihar,21/07/2015,38.43421052631579,64.05701754385964
Anand Vihar,22/07/2015,44.6063829787234,74.34397163120568
Anand Vihar,23/07/2015,40.755319148936174,67.92553191489363
Anand Vihar,24/07/2015,56.1875,93.64583333333334
Anand Vihar,25/07/2015,50.808510638297875,84.68085106382979
Anand Vihar,26/07/2015,30.294736842105262,50.49122807017544
Anand Vihar,27/07/2015,21.116883116883116,35.1948051948052
Anand Vihar,28/07/2015,18.983050847457626,31.638418079096045
Anand Vihar,29/07/2015,20.63157894736842,34.385964912280706
Anand Vihar,30/07/2015,34.975,58.29166666666667
Anand Vihar,31/07/2015,52.166666666666664,86.94444444444444
Anand Vihar,01/08/2015,57.25925925925926,95.4320987654321
Anand Vihar,02/08/2015,68.53086419753086,128.43621399176953
Anand Vihar,03/08/2015,101.56470588235294,238.54901960784315
Anand Vihar,04/08/2015,86.76744186046511,189.2248062015504
Anand Vihar,05/08/2015,71.56382978723404,138.54609929078015
Anand Vihar,06/08/2015,100.57333333333334,235.24444444444447
Anand Vihar,07/08/2015,80.58241758241758,168.6080586080586
Anand Vihar,08/08/2015,86.09375,186.97916666666669
Anand Vihar,09/08/2015,66.13793103448276,120.45977011494254
Anand Vihar,10/08/2015,123.20833333333333,302.46794871794873
Anand Vihar,11/08/2015,134.15662650602408,310.8897126969416
Anand Vihar,12/08/2015,52.23529411764706,87.05882352941177
Anand Vihar,13/08/2015,66.77272727272727,122.57575757575756
Anand Vihar,14/08/2015,76.6547619047619,155.515873015873
Anand Vihar,15/08/2015,60.136842105263156,100.45614035087719
Anand Vihar,16/08/2015,84.83116883116882,182.77056277056275
Anand Vihar,17/08/2015,90.7578947368421,202.52631578947367
Anand Vihar,18/08/2015,88.23456790123457,194.11522633744858
Anand Vihar,19/08/2015,49.735632183908045,82.89272030651341
Anand Vihar,20/08/2015,82.0,173.33333333333334
Anand Vihar,21/08/2015,83.765625,179.21875
Anand Vihar,22/08/2015,53.450980392156865,89.08496732026144
Anand Vihar,23/08/2015,59.549019607843135,99.24836601307189
Anand Vihar,24/08/2015,49.92941176470588,83.2156862745098
Anand Vihar,25/08/2015,88.55555555555556,195.1851851851852
Anand Vihar,26/08/2015,97.0,223.33333333333334
Anand Vihar,27/08/2015,95.86075949367088,219.53586497890294
Anand Vihar,28/08/2015,90.1,200.33333333333331
Anand Vihar,29/08/2015,94.22826086956522,214.09420289855072
Anand Vihar,30/08/2015,80.77173913043478,169.23913043478262
Anand Vihar,31/08/2015,69.02352941176471,130.07843137254903
Anand Vihar,01/09/2015,103.68,245.60000000000002
Anand Vihar,02/09/2015,108.06896551724138,260.2298850574713
Anand Vihar,03/09/2015,104.86206896551724,249.54022988505747
Anand Vihar,04/09/2015,105.02083333333333,250.06944444444443
Anand Vihar,05/09/2015,95.85714285714286,219.52380952380955
Anand Vihar,06/09/2015,66.33333333333333,121.1111111111111
Anand Vihar,07/09/2015,70.34782608695652,134.49275362318838
Anand Vihar,08/09/2015,79.29761904761905,164.32539682539684
Anand Vihar,09/09/2015,69.2967032967033,130.989010989011
Anand Vihar,10/09/2015,67.15730337078652,123.85767790262175
Anand Vihar,11/09/2015,80.45652173913044,168.18840579710147
Anand Vihar,12/09/2015,99.5625,231.875
Anand Vihar,13/09/2015,122.41071428571429,301.8543956043956
Anand Vihar,14/09/2015,147.5108695652174,321.16220735785953
Anand Vihar,15/09/2015,119.3012048192771,297.67068273092366
Anand Vihar,16/09/2015,109.80232558139535,266.0077519379845
Anand Vihar,17/09/2015,100.78313253012048,235.9437751004016
Anand Vihar,18/09/2015,61.34782608695652,104.4927536231884
Anand Vihar,19/09/2015,91.34375,204.47916666666666
Anand Vihar,20/09/2015,77.7127659574468,159.04255319148936
Anand Vihar,21/09/2015,55.83870967741935,93.06451612903226
Anand Vihar,22/09/2015,32.705263157894734,54.508771929824555
Anand Vihar,23/09/2015,38.955555555555556,64.92592592592592
Anand Vihar,24/09/2015,92.18681318681318,207.28937728937728
Anand Vihar,25/09/2015,96.75280898876404,222.50936329588015
Anand Vihar,26/09/2015,103.84210526315789,246.140350877193
Anand Vihar,27/09/2015,106.03125,253.4375
Anand Vihar,28/09/2015,73.68478260869566,145.61594202898553
Anand Vihar,29/09/2015,75.75,152.5
Anand Vihar,30/09/2015,66.82954545454545,122.76515151515152
Anand Vihar,01/10/2015,91.4375,204.79166666666666
Anand Vihar,02/10/2015,97.77083333333333,225.90277777777777
Anand Vihar,03/10/2015,116.97872340425532,289.92907801418437
Anand Vihar,04/10/2015,187.6304347826087,352.02341137123744
Anand Vihar,05/10/2015,285.2395833333333,427.10737179487177
Anand Vihar,06/10/2015,208.96774193548387,368.43672456575683
Anand Vihar,07/10/2015,155.55555555555554,327.35042735042737
Anand Vihar,08/10/2015,192.04705882352943,355.420814479638
Anand Vihar,09/10/2015,196.91666666666666,359.1666666666667
Anand Vihar,10/10/2015,291.16901408450707,431.66847237269775
Anand Vihar,11/10/2015,170.08602150537635,338.5277088502895
Anand Vihar,12/10/2015,163.22340425531914,333.2487725040917
Anand Vihar,13/10/2015,106.67441860465117,255.58139534883722
Anand Vihar,14/10/2015,85.84444444444445,186.14814814814815
Anand Vihar,15/10/2015,128.94565217391303,306.88127090301003
Anand Vihar,16/10/2015,185.2972972972973,350.2286902286902
Anand Vihar,18/10/2015,208.32142857142858,367.93956043956047
Anand Vihar,19/10/2015,235.53191489361703,388.8707037643208
Anand Vihar,20/10/2015,303.6376811594203,441.2597547380156
Anand Vihar,21/10/2015,215.26415094339623,373.2801161103048
Anand Vihar,22/10/2015,128.65,306.65384615384613
Anand Vihar,23/10/2015,195.71666666666667,358.2435897435897
Anand Vihar,24/10/2015,246.1413043478261,397.03177257525084
Anand Vihar,25/10/2015,178.5,345.0
Anand Vihar,26/10/2015,130.7872340425532,308.29787234042556
Anand Vihar,27/10/2015,130.29166666666666,307.9166666666667
Anand Vihar,28/10/2015,136.35555555555555,312.5811965811966
Anand Vihar,29/10/2015,118.43478260869566,294.7826086956522
Anand Vihar,30/10/2015,118.04166666666667,293.47222222222223
Civil Lines,01/06/2015,36.945789473684215,61.576315789473696
Civil Lines,02/06/2015,36.16197916666668,60.26996527777781
Civil Lines,03/06/2015,34.12718750000001,56.87864583333335
Civil Lines,04/06/2015,32.64229166666666,54.40381944444443
Civil Lines,05/06/2015,35.54208333333332,59.23680555555554
Civil Lines,06/06/2015,45.02583333333332,75.04305555555553
Civil Lines,07/06/2015,48.65843749999997,81.09739583333328
Civil Lines,08/06/2015,48.357916666666654,80.59652777777777
Civil Lines,09/06/2015,52.118020833333325,86.86336805555555
Civil Lines,10/06/2015,47.74604166666668,79.57673611111113
Civil Lines,11/06/2015,57.02989583333335,95.04982638888892
Civil Lines,12/06/2015,50.546145833333306,84.24357638888884
Civil Lines,13/06/2015,46.05114583333333,76.75190972222222
Civil Lines,14/06/2015,39.241145833333334,65.40190972222223
Civil Lines,15/06/2015,44.86135416666667,74.76892361111112
Civil Lines,16/06/2015,44.11937500000001,73.53229166666668
Civil Lines,17/06/2015,45.58510416666666,75.9751736111111
Civil Lines,18/06/2015,46.27531249999999,77.12552083333333
Civil Lines,19/06/2015,46.9778125,78.29635416666667
Civil Lines,20/06/2015,49.21583333333336,82.02638888888893
Civil Lines,21/06/2015,41.203020833333326,68.67170138888888
Civil Lines,22/06/2015,18.150000000000016,30.25000000000003
Civil Lines,23/06/2015,1.3531250000000001,2.2552083333333335
Civil Lines,24/06/2015,0.14416666666666697,0.24027777777777828
Civil Lines,25/06/2015,0.14854166666666666,0.24756944444444443
Civil Lines,26/06/2015,12.856875000000047,21.42812500000008
Civil Lines,27/06/2015,49.36458333333334,82.27430555555557
Civil Lines,28/06/2015,51.60999999999998,86.01666666666662
Civil Lines,29/06/2015,51.60999999999998,86.01666666666662
Civil Lines,30/06/2015,51.609999999999985,86.01666666666665
Civil Lines,01/07/2015,51.60999999999998,86.01666666666662
Civil Lines,02/07/2015,51.60999999999998,86.01666666666662
Civil Lines,03/07/2015,51.60999999999998,86.01666666666662
Civil Lines,04/07/2015,68.99885416666655,129.99618055555516
Civil Lines,05/07/2015,51.47656249999998,85.7942708333333
Civil Lines,06/07/2015,40.701979166666675,67.83663194444446
Civil Lines,07/07/2015,41.185416666666676,68.64236111111113
Civil Lines,08/07/2015,39.98125000000001,66.63541666666669
Civil Lines,09/07/2015,39.64291666666666,66.07152777777776
Civil Lines,10/07/2015,43.02763636363637,71.71272727272728
IGI Airport,01/06/2015,7.648823529411767,12.748039215686278
IGI Airport,02/06/2015,9.047526881720433,15.079211469534055
IGI Airport,03/06/2015,8.467234042553194,14.112056737588658
IGI Airport,04/06/2015,12.000416666666661,20.000694444444434
IGI Airport,05/06/2015,14.827812499999991,24.71302083333332
IGI Airport,06/06/2015,12.859375,21.432291666666668
IGI Airport,07/06/2015,27.408541666666665,45.680902777777774
IGI Airport,08/06/2015,64.075,113.58333333333334
IGI Airport,09/06/2015,78.54343750000001,161.81145833333338
IGI Airport,10/06/2015,56.245268817204334,93.74211469534056
IGI Airport,11/06/2015,81.38739583333337,171.29131944444458
IGI Airport,12/06/2015,65.06958333333333,116.8986111111111
IGI Airport,13/06/2015,67.20041666666667,124.0013888888889
IGI Airport,14/06/2015,71.5405208333333,138.46840277777767
IGI Airport,15/06/2015,91.66385416666672,205.54618055555574
IGI Airport,16/06/2015,92.3101063829787,207.700354609929
IGI Airport,17/06/2015,128.67239583333333,306.67107371794873
IGI Airport,18/06/2015,57.65604166666659,96.09340277777764
IGI Airport,19/06/2015,71.77968749999998,139.26562499999994
IGI Airport,20/06/2015,61.985729166666694,106.61909722222231
IGI Airport,21/06/2015,47.737187500000005,79.56197916666667
IGI Airport,22/06/2015,54.577812499999986,90.9630208333333
IGI Airport,23/06/2015,59.60833333333332,99.3472222222222
IGI Airport,24/06/2015,162.86020833333336,332.9693910256411
IGI Airport,25/06/2015,56.304374999999986,93.84062499999999
IGI Airport,26/06/2015,127.84333333333329,306.0333333333333
IGI Airport,27/06/2015,75.46697916666669,151.5565972222223
IGI Airport,28/06/2015,81.1405208333333,170.46840277777767
IGI Airport,29/06/2015,50.37979166666667,83.96631944444445
IGI Airport,30/06/2015,62.34304347826085,107.81014492753617
IGI Airport,01/07/2015,61.70210526315792,105.67368421052639
IGI Airport,02/07/2015,59.49104166666665,99.15173611111109
IGI Airport,03/07/2015,64.15499999999997,113.84999999999991
IGI Airport,04/07/2015,108.08041666666666,260.2680555555555
IGI Airport,05/07/2015,134.45239583333336,311.11722756410256
IGI Airport,06/07/2015,59.400312499999984,99.00052083333331
IGI Airport,07/07/2015,89.53989583333332,198.4663194444444
IGI Airport,08/07/2015,102.08281249999999,240.27604166666663
IGI Airport,09/07/2015,81.87104166666663,172.9034722222221
IGI Airport,10/07/2015,87.15500000000002,190.5166666666667
Mandir Marg,01/06/2015,43.785714285714285,72.97619047619048
Mandir Marg,02/06/2015,31.931506849315067,53.219178082191775
Mandir Marg,03/06/2015,51.666666666666664,86.11111111111111
Mandir Marg,04/06/2015,79.24418604651163,164.14728682170545
Mandir Marg,05/06/2015,84.07692307692308,180.25641025641028
Mandir Marg,06/06/2015,65.84615384615384,119.48717948717947
Mandir Marg,07/06/2015,77.65116279069767,158.83720930232556
Mandir Marg,08/06/2015,76.5223880597015,155.07462686567166
Mandir Marg,09/06/2015,71.86363636363636,139.54545454545453
Mandir Marg,10/06/2015,50.64367816091954,84.40613026819923
Mandir Marg,11/06/2015,87.52,191.73333333333332
Mandir Marg,12/06/2015,63.206896551724135,110.68965517241378
Mandir Marg,13/06/2015,52.285714285714285,87.14285714285714
Mandir Marg,14/06/2015,70.02197802197803,133.40659340659343
Mandir Marg,15/06/2015,90.9010989010989,203.003663003663
Mandir Marg,16/06/2015,95.06818181818181,216.89393939393938
Mandir Marg,17/06/2015,95.51086956521739,218.3695652173913
Mandir Marg,18/06/2015,104.01428571428572,246.71428571428572
Mandir Marg,19/06/2015,104.15,247.16666666666669
Mandir Marg,20/06/2015,62.44578313253012,108.15261044176705
Mandir Marg,21/06/2015,50.75555555555555,84.59259259259258
Mandir Marg,22/06/2015,83.3375,177.79166666666669
Mandir Marg,23/06/2015,106.76470588235294,255.88235294117646
Mandir Marg,24/06/2015,144.0,318.46153846153845
Mandir Marg,25/06/2015,36.21739130434783,60.36231884057972
Mandir Marg,26/06/2015,56.4125,94.02083333333334
Mandir Marg,27/06/2015,48.40963855421687,80.68273092369478
Mandir Marg,28/06/2015,63.214285714285715,110.71428571428572
Mandir Marg,29/06/2015,34.053333333333335,56.75555555555556
Mandir Marg,30/06/2015,51.43037974683544,85.71729957805907
Mandir Marg,01/07/2015,53.782051282051285,89.63675213675214
Mandir Marg,02/07/2015,53.9041095890411,89.84018264840184
Mandir Marg,03/07/2015,40.108695652173914,66.84782608695653
Mandir Marg,04/07/2015,84.0,180.0
Mandir Marg,05/07/2015,107.62745098039215,258.75816993464053
Mandir Marg,06/07/2015,50.3968253968254,83.994708994709
Mandir Marg,07/07/2015,43.557377049180324,72.59562841530054
Mandir Marg,08/07/2015,56.458333333333336,94.09722222222223
Mandir Marg,09/07/2015,66.63736263736264,122.12454212454215
Mandir Marg,10/07/2015,37.95,63.25000000000001
Mandir Marg,11/07/2015,30.705882352941178,51.1764705882353
Mandir Marg,12/07/2015,23.387096774193548,38.97849462365591
Mandir Marg,13/07/2015,27.318181818181817,45.53030303030303
Mandir Marg,14/07/2015,29.488888888888887,49.148148148148145
Mandir Marg,15/07/2015,45.51851851851852,75.8641975308642
Mandir Marg,16/07/2015,49.42857142857143,82.38095238095238
Mandir Marg,17/07/2015,70.8048780487805,136.01626016260167
Mandir Marg,18/07/2015,63.95238095238095,113.17460317460316
Mandir Marg,19/07/2015,50.9125,84.85416666666667
Mandir Marg,20/07/2015,34.98795180722892,58.31325301204819
Mandir Marg,21/07/2015,33.55,55.916666666666664
Mandir Marg,22/07/2015,32.36231884057971,53.93719806763285
Mandir Marg,23/07/2015,33.4,55.666666666666664
Mandir Marg,24/07/2015,40.41772151898734,67.36286919831224
Mandir Marg,25/07/2015,41.67948717948718,69.46581196581198
Mandir Marg,26/07/2015,26.13235294117647,43.55392156862745
Mandir Marg,27/07/2015,20.741935483870968,34.56989247311828
Mandir Marg,28/07/2015,20.9,34.833333333333336
Mandir Marg,29/07/2015,26.473684210526315,44.12280701754386
Mandir Marg,30/07/2015,20.244444444444444,33.74074074074074
Mandir Marg,31/07/2015,23.863013698630137,39.7716894977169
Mandir Marg,01/08/2015,27.725,46.208333333333336
Mandir Marg,02/08/2015,35.861111111111114,59.768518518518526
Mandir Marg,03/08/2015,35.373333333333335,58.95555555555556
Mandir Marg,04/08/2015,40.25,67.08333333333334
Mandir Marg,05/08/2015,52.773809523809526,87.95634920634922
Mandir Marg,06/08/2015,46.76744186046512,77.94573643410854
Mandir Marg,07/08/2015,45.83720930232558,76.3953488372093
Mandir Marg,08/08/2015,54.45454545454545,90.75757575757575
Mandir Marg,09/08/2015,43.01190476190476,71.68650793650794
Mandir Marg,10/08/2015,57.604651162790695,96.0077519379845
Mandir Marg,11/08/2015,67.6891891891892,125.63063063063065
Mandir Marg,12/08/2015,49.229885057471265,82.04980842911877
Mandir Marg,13/08/2015,48.4,80.66666666666666
Mandir Marg,14/08/2015,54.28235294117647,90.47058823529412
Mandir Marg,15/08/2015,44.05681818181818,73.4280303030303
Mandir Marg,16/08/2015,42.44578313253012,70.7429718875502
Mandir Marg,17/08/2015,50.69767441860465,84.49612403100775
Mandir Marg,18/08/2015,47.34375,78.90625
Mandir Marg,19/08/2015,23.764705882352942,39.6078431372549
Mandir Marg,20/08/2015,25.18840579710145,41.98067632850242
Mandir Marg,21/08/2015,31.185185185185187,51.97530864197531
Mandir Marg,22/08/2015,35.1566265060241,58.59437751004016
Mandir Marg,23/08/2015,33.0125,55.020833333333336
Mandir Marg,24/08/2015,33.15625,55.260416666666664
Mandir Marg,25/08/2015,30.77777777777778,51.2962962962963
Mandir Marg,26/08/2015,35.976470588235294,59.96078431372549
Mandir Marg,27/08/2015,44.31707317073171,73.86178861788619
Mandir Marg,28/08/2015,71.10810810810811,137.02702702702703
Mandir Marg,31/08/2015,40.72093023255814,67.86821705426357
Mandir Marg,01/09/2015,49.265957446808514,82.10992907801419
Mandir Marg,02/09/2015,66.24193548387096,120.8064516129032
Mandir Marg,03/09/2015,55.50684931506849,92.51141552511416
Mandir Marg,04/09/2015,39.422222222222224,65.70370370370371
Mandir Marg,05/09/2015,49.976190476190474,83.29365079365078
Mandir Marg,06/09/2015,31.291666666666668,52.15277777777778
Mandir Marg,07/09/2015,34.523809523809526,57.539682539682545
Mandir Marg,08/09/2015,37.72222222222222,62.87037037037037
Mandir Marg,09/09/2015,33.638297872340424,56.06382978723404
Mandir Marg,10/09/2015,38.385416666666664,63.97569444444444
Mandir Marg,11/09/2015,46.58139534883721,77.63565891472868
Mandir Marg,12/09/2015,67.89887640449439,126.3295880149813
Mandir Marg,13/09/2015,73.0379746835443,143.45991561181435
Mandir Marg,14/09/2015,111.17391304347827,270.57971014492756
Mandir Marg,15/09/2015,90.5,201.66666666666666
Mandir Marg,16/09/2015,86.81481481481481,189.3827160493827
Mandir Marg,17/09/2015,96.27380952380952,220.9126984126984
Mandir Marg,18/09/2015,47.08888888888889,78.48148148148148
Mandir Marg,19/09/2015,68.53488372093024,128.4496124031008
Mandir Marg,20/09/2015,55.936708860759495,93.22784810126583
Mandir Marg,21/09/2015,46.42857142857143,77.38095238095238
Mandir Marg,22/09/2015,31.12857142857143,51.88095238095238
Mandir Marg,23/09/2015,26.135593220338983,43.559322033898304
Mandir Marg,24/09/2015,39.270270270270274,65.45045045045046
Mandir Marg,25/09/2015,46.714285714285715,77.85714285714286
Mandir Marg,26/09/2015,51.81012658227848,86.35021097046413
Mandir Marg,27/09/2015,56.125,93.54166666666667
Mandir Marg,28/09/2015,47.375,78.95833333333334
Mandir Marg,29/09/2015,53.91358024691358,89.85596707818931
Mandir Marg,30/09/2015,45.3625,75.60416666666666
Mandir Marg,01/10/2015,64.66666666666667,115.55555555555557
Mandir Marg,02/10/2015,68.34065934065934,127.80219780219781
Mandir Marg,03/10/2015,75.25,150.83333333333334
Mandir Marg,04/10/2015,87.53246753246754,191.77489177489178
Mandir Marg,05/10/2015,107.69318181818181,258.9772727272727
Mandir Marg,06/10/2015,102.69135802469135,242.30452674897117
Mandir Marg,07/10/2015,108.40229885057471,261.34099616858236
Mandir Marg,08/10/2015,100.15217391304348,233.84057971014494
Mandir Marg,09/10/2015,81.05813953488372,170.19379844961242
Mandir Marg,10/10/2015,69.10227272727273,130.34090909090912
Mandir Marg,11/10/2015,66.24675324675324,120.82251082251082
Mandir Marg,12/10/2015,64.80952380952381,116.03174603174604
Mandir Marg,13/10/2015,83.1875,177.29166666666669
Mandir Marg,14/10/2015,69.44680851063829,131.48936170212764
Mandir Marg,15/10/2015,82.0,173.33333333333334
Mandir Marg,16/10/2015,118.01282051282051,293.37606837606836
Mandir Marg,18/10/2015,178.62,345.0923076923077
Mandir Marg,19/10/2015,148.6413043478261,322.03177257525084
Mandir Marg,20/10/2015,168.05555555555554,336.96581196581195
Mandir Marg,21/10/2015,175.01639344262296,342.3203026481715
Mandir Marg,22/10/2015,96.42105263157895,221.4035087719298
Mandir Marg,23/10/2015,122.66666666666667,302.05128205128204
Mandir Marg,24/10/2015,133.7840909090909,310.6031468531468
Mandir Marg,25/10/2015,139.7127659574468,315.16366612111295
Mandir Marg,26/10/2015,76.09375,153.64583333333334
Mandir Marg,28/10/2015,48.54545454545455,80.9090909090909
Mandir Marg,29/10/2015,85.5632183908046,185.21072796934865
Mandir Marg,30/10/2015,94.4375,214.79166666666666
R K Puram,01/06/2015,52.755319148936174,87.92553191489363
R K Puram,02/06/2015,78.15789473684211,160.5263157894737
R K Puram,03/06/2015,82.27659574468085,174.25531914893617
R K Puram,04/06/2015,94.68085106382979,215.60283687943263
R K Puram,05/06/2015,122.23076923076923,301.71597633136093
R K Puram,06/06/2015,89.76923076923077,199.23076923076925
R K Puram,07/06/2015,140.7872340425532,315.99018003273324
R K Puram,08/06/2015,48.13793103448276,80.22988505747128
R K Puram,09/06/2015,82.62222222222222,175.4074074074074
R K Puram,10/06/2015,67.95744680851064,126.52482269503547
R K Puram,11/06/2015,147.875,321.4423076923077
R K Puram,12/06/2015,86.04166666666667,186.80555555555557
R K Puram,13/06/2015,78.57777777777778,161.92592592592595
R K Puram,14/06/2015,81.45833333333333,171.52777777777777
R K Puram,15/06/2015,105.50561797752809,251.68539325842698
R K Puram,16/06/2015,118.92391304347827,296.4130434782609
R K Puram,17/06/2015,148.3586956521739,321.814381270903
R K Puram,18/06/2015,126.8125,305.24038461538464
R K Puram,19/06/2015,108.28125,260.9375
R K Puram,20/06/2015,59.302083333333336,98.83680555555557
R K Puram,21/06/2015,53.84313725490196,89.73856209150327
R K Puram,22/06/2015,58.608695652173914,97.68115942028986
R K Puram,23/06/2015,65.90425531914893,119.68085106382978
R K Puram,24/06/2015,120.24137931034483,300.18567639257293
R K Puram,25/06/2015,44.15217391304348,73.58695652173913
R K Puram,26/06/2015,71.01086956521739,136.70289855072463
R K Puram,27/06/2015,77.84375,159.47916666666669
R K Puram,28/06/2015,94.69791666666667,215.65972222222223
R K Puram,29/06/2015,46.141304347826086,76.90217391304347
R K Puram,30/06/2015,57.85507246376812,96.42512077294685
R K Puram,01/07/2015,52.67816091954023,87.7969348659004
R K Puram,02/07/2015,63.22826086956522,110.76086956521739
R K Puram,03/07/2015,78.29166666666667,160.97222222222223
R K Puram,04/07/2015,97.72727272727273,225.75757575757578
R K Puram,05/07/2015,193.12765957446808,356.2520458265139
R K Puram,06/07/2015,74.36363636363636,147.87878787878788
R K Puram,07/07/2015,60.82608695652174,102.75362318840581
R K Puram,08/07/2015,67.58333333333333,125.27777777777777
R K Puram,09/07/2015,60.14492753623188,100.4830917874396
R K Puram,10/07/2015,38.924528301886795,64.87421383647799
R K Puram,11/07/2015,30.662337662337663,51.103896103896105
R K Puram,12/07/2015,30.45,50.75
R K Puram,13/07/2015,47.258823529411764,78.76470588235294
R K Puram,14/07/2015,46.166666666666664,76.94444444444444
R K Puram,15/07/2015,70.04166666666667,133.47222222222223
R K Puram,16/07/2015,94.41463414634147,214.71544715447158
R K Puram,17/07/2015,81.41025641025641,171.36752136752136
R K Puram,18/07/2015,73.52222222222223,145.07407407407408
R K Puram,19/07/2015,79.84615384615384,166.15384615384613
R K Puram,20/07/2015,56.25,93.75
R K Puram,21/07/2015,43.03333333333333,71.72222222222223
R K Puram,22/07/2015,41.91954022988506,69.86590038314176
R K Puram,23/07/2015,39.266666666666666,65.44444444444444
R K Puram,24/07/2015,47.1875,78.64583333333334
R K Puram,25/07/2015,47.340425531914896,78.90070921985816
R K Puram,26/07/2015,33.532467532467535,55.88744588744589
R K Puram,27/07/2015,23.417721518987342,39.029535864978904
R K Puram,28/07/2015,20.263157894736842,33.771929824561404
R K Puram,29/07/2015,26.236363636363638,43.727272727272734
R K Puram,30/07/2015,27.75,46.25
R K Puram,31/07/2015,38.68888888888889,64.48148148148148
R K Puram,01/08/2015,41.73913043478261,69.56521739130434
R K Puram,02/08/2015,48.083333333333336,80.13888888888889
R K Puram,03/08/2015,45.125,75.20833333333334
R K Puram,04/08/2015,45.391304347826086,75.65217391304347
R K Puram,05/08/2015,62.791666666666664,109.30555555555554
R K Puram,06/08/2015,58.81318681318681,98.02197802197801
R K Puram,07/08/2015,63.35,111.16666666666667
R K Puram,08/08/2015,78.67605633802818,162.25352112676057
R K Puram,09/08/2015,64.2,114.00000000000001
R K Puram,10/08/2015,97.13953488372093,223.7984496124031
R K Puram,11/08/2015,78.5813953488372,161.93798449612402
R K Puram,12/08/2015,64.125,113.75
R K Puram,13/08/2015,70.40860215053763,134.69534050179212
R K Puram,14/08/2015,66.52631578947368,121.75438596491229
R K Puram,15/08/2015,47.77777777777778,79.62962962962963
R K Puram,16/08/2015,51.791666666666664,86.31944444444444
R K Puram,17/08/2015,69.41304347826087,131.3768115942029
R K Puram,18/08/2015,52.59574468085106,87.65957446808511
R K Puram,19/08/2015,27.0561797752809,45.0936329588015
R K Puram,20/08/2015,25.91304347826087,43.18840579710145
R K Puram,21/08/2015,45.702127659574465,76.17021276595744
R K Puram,22/08/2015,53.51162790697674,89.18604651162791
R K Puram,23/08/2015,48.858695652173914,81.43115942028986
R K Puram,24/08/2015,49.52325581395349,82.53875968992249
R K Puram,25/08/2015,54.73626373626374,91.22710622710623
R K Puram,26/08/2015,54.53846153846154,90.89743589743591
R K Puram,27/08/2015,62.291666666666664,107.63888888888889
R K Puram,28/08/2015,80.875,169.58333333333334
R K Puram,29/08/2015,52.84375,88.07291666666667
R K Puram,30/08/2015,51.41111111111111,85.68518518518519
R K Puram,31/08/2015,46.541666666666664,77.56944444444444
R K Puram,01/09/2015,78.0561797752809,160.18726591760299
R K Puram,02/09/2015,111.5,271.6666666666667
R K Puram,03/09/2015,104.37096774193549,247.90322580645164
R K Puram,04/09/2015,85.6086956521739,185.3623188405797
R K Puram,05/09/2015,69.54761904761905,131.82539682539684
R K Puram,07/09/2015,47.340425531914896,78.90070921985816
R K Puram,08/09/2015,51.763888888888886,86.27314814814815
R K Puram,09/09/2015,44.741573033707866,74.5692883895131
R K Puram,10/09/2015,49.31111111111111,82.18518518518519
R K Puram,11/09/2015,59.208333333333336,98.68055555555557
R K Puram,12/09/2015,89.31914893617021,197.73049645390068
R K Puram,13/09/2015,99.53947368421052,231.79824561403507
R K Puram,14/09/2015,118.82978723404256,296.09929078014187
R K Puram,15/09/2015,115.01041666666667,283.36805555555554
R K Puram,16/09/2015,95.04255319148936,216.80851063829786
R K Puram,17/09/2015,99.0,230.0
R K Puram,19/09/2015,68.90123456790124,129.67078189300415
R K Puram,20/09/2015,55.947916666666664,93.24652777777777
R K Puram,21/09/2015,36.75,61.25
R K Puram,22/09/2015,31.358024691358025,52.26337448559671
R K Puram,23/09/2015,29.884615384615383,49.80769230769231
R K Puram,24/09/2015,59.395833333333336,98.99305555555557
R K Puram,25/09/2015,72.56382978723404,141.87943262411346
R K Puram,26/09/2015,88.4,194.66666666666669
R K Puram,27/09/2015,86.04166666666667,186.80555555555557
R K Puram,28/09/2015,67.76595744680851,125.88652482269505
R K Puram,29/09/2015,63.91489361702128,113.04964539007092
R K Puram,30/09/2015,50.1123595505618,83.52059925093633
R K Puram,01/10/2015,78.33333333333333,161.1111111111111
R K Puram,02/10/2015,88.67058823529412,195.5686274509804
R K Puram,03/10/2015,114.32758620689656,281.0919540229885
R K Puram,04/10/2015,121.58333333333333,301.21794871794873
R K Puram,05/10/2015,127.42307692307692,305.7100591715976
R K Puram,06/10/2015,123.42857142857143,302.6373626373626
R K Puram,07/10/2015,146.3943661971831,320.30335861321777
R K Puram,08/10/2015,128.37209302325581,306.44007155635063
R K Puram,09/10/2015,115.35416666666667,284.5138888888889
R K Puram,10/10/2015,107.91489361702128,259.7163120567376
R K Puram,11/10/2015,93.58536585365853,211.9512195121951
R K Puram,12/10/2015,96.93478260869566,223.11594202898553
R K Puram,13/10/2015,104.95833333333333,249.8611111111111
R K Puram,14/10/2015,86.46875,188.22916666666669
R K Puram,15/10/2015,105.03125,250.10416666666669
R K Puram,16/10/2015,129.25,307.11538461538464
R K Puram,18/10/2015,172.59259259259258,340.4558404558405
R K Puram,19/10/2015,171.10638297872342,339.31260229132573
R K Puram,20/10/2015,176.05208333333334,343.1169871794872
R K Puram,21/10/2015,190.40298507462686,354.1561423650976
R K Puram,22/10/2015,158.88095238095238,329.90842490842493
R K Puram,23/10/2015,154.91489361702128,326.85761047463177
R K Puram,24/10/2015,179.91489361702128,346.088379705401
R K Puram,25/10/2015,144.41666666666666,318.78205128205127
R K Puram,26/10/2015,110.27659574468085,267.5886524822695
R K Puram,27/10/2015,114.70833333333333,282.3611111111111
R K Puram,28/10/2015,97.08333333333333,223.6111111111111
R K Puram,29/10/2015,90.75,202.5
R K Puram,30/10/2015,91.8,206.0
